{"IcoMoonType":"selection","icons":[{"icon":{"paths":["M1408 128l-640 640-640-640"],"attrs":[{"fill":"none","stroke":"rgb(7, 8, 71)","strokeLinejoin":"miter","strokeLinecap":"butt","strokeMiterlimit":"4","strokeWidth":192}],"width":1536,"isMulticolor":false,"isMulticolor2":false,"grid":0,"tags":["Vector (5)"]},"attrs":[{"fill":"none","stroke":"rgb(7, 8, 71)","strokeLinejoin":"miter","strokeLinecap":"butt","strokeMiterlimit":"4","strokeWidth":192}],"properties":{"order":18,"id":2,"name":"Vector-51","prevSize":32,"code":59649},"setIdx":0,"setId":5,"iconIdx":0},{"icon":{"paths":["M400.696 979.478c24.588 0 44.522-19.932 44.522-44.522s-19.933-44.522-44.522-44.522c-24.588 0-44.522 19.932-44.522 44.522s19.933 44.522 44.522 44.522z","M890.435 979.478c24.589 0 44.522-19.932 44.522-44.522s-19.932-44.522-44.522-44.522c-24.589 0-44.522 19.932-44.522 44.522s19.932 44.522 44.522 44.522z","M44.522 44.522h178.087l119.318 596.146c4.071 20.498 15.222 38.912 31.501 52.015s36.648 20.066 57.542 19.665h432.751c20.894 0.401 41.263-6.563 57.544-19.665 16.277-13.103 27.43-31.517 31.499-52.015l71.235-373.537h-756.87"],"attrs":[{"fill":"none","strokeLinejoin":"round","strokeLinecap":"round","strokeMiterlimit":"4","strokeWidth":89.04347826086956},{"fill":"none","strokeLinejoin":"round","strokeLinecap":"round","strokeMiterlimit":"4","strokeWidth":89.04347826086956},{"fill":"none","strokeLinejoin":"round","strokeLinecap":"round","strokeMiterlimit":"4","strokeWidth":89.04347826086956}],"width":1069,"isMulticolor":false,"isMulticolor2":false,"grid":0,"tags":["basket"]},"attrs":[{"fill":"none","strokeLinejoin":"round","strokeLinecap":"round","strokeMiterlimit":"4","strokeWidth":89.04347826086956},{"fill":"none","strokeLinejoin":"round","strokeLinecap":"round","strokeMiterlimit":"4","strokeWidth":89.04347826086956},{"fill":"none","strokeLinejoin":"round","strokeLinecap":"round","strokeMiterlimit":"4","strokeWidth":89.04347826086956}],"properties":{"order":19,"id":1,"name":"basket","prevSize":32,"code":59650},"setIdx":0,"setId":5,"iconIdx":1},{"icon":{"paths":["M460.8 870.4c226.217 0 409.6-183.383 409.6-409.6 0-226.216-183.383-409.6-409.6-409.6-226.216 0-409.6 183.384-409.6 409.6 0 226.217 183.384 409.6 409.6 409.6z","M972.795 972.795l-222.72-222.72"],"attrs":[{"fill":"none","strokeLinejoin":"round","strokeLinecap":"round","strokeMiterlimit":"4","strokeWidth":102.4},{"fill":"none","strokeLinejoin":"round","strokeLinecap":"round","strokeMiterlimit":"4","strokeWidth":102.4}],"isMulticolor":false,"isMulticolor2":false,"grid":0,"tags":["search"]},"attrs":[{"fill":"none","strokeLinejoin":"round","strokeLinecap":"round","strokeMiterlimit":"4","strokeWidth":102.4},{"fill":"none","strokeLinejoin":"round","strokeLinecap":"round","strokeMiterlimit":"4","strokeWidth":102.4}],"properties":{"order":20,"id":0,"name":"search","prevSize":32,"code":59651},"setIdx":0,"setId":5,"iconIdx":2},{"icon":{"paths":["M1408 128l-640 640-640-640"],"attrs":[{"fill":"none","stroke":"rgb(7, 8, 71)","strokeLinejoin":"miter","strokeLinecap":"butt","strokeMiterlimit":"4","strokeWidth":192}],"width":1536,"isMulticolor":false,"isMulticolor2":false,"grid":0,"tags":["Vector (5)"]},"attrs":[{"fill":"none","stroke":"rgb(7, 8, 71)","strokeLinejoin":"miter","strokeLinecap":"butt","strokeMiterlimit":"4","strokeWidth":192}],"properties":{"order":17,"id":6,"name":"Vector-5","prevSize":32,"code":59648},"setIdx":2,"setId":3,"iconIdx":3}],"height":1024,"metadata":{"name":"icomoon"},"preferences":{"showGlyphs":true,"showQuickUse":true,"showQuickUse2":true,"showSVGs":true,"fontPref":{"prefix":"icon-","metadata":{"fontFamily":"icomoon"},"metrics":{"emSize":1024,"baseline":6.25,"whitespace":50},"embed":false},"imagePref":{"prefix":"icon-","png":true,"useClassSelector":true,"color":0,"bgColor":16777215,"classSelector":".icon","name":"icomoon","height":32,"columns":16,"margin":16},"historySize":50,"showCodes":true,"gridSize":16}}